Year,COPD Cases,Asthma ED Visit,Hospitalization
2005,6473,11337,2492
2006,5198,10232,2083
2007,5793,10828,2030
2008,7020,11393,2279
2009,7659,12984,2463
2010,7133,12220,2134
2011,7566,12272,2014
2012,7675,13274,2107
2013,7519,12750,2061
2014,7498,12636,2068
2015,8236,12741,1716
2016,8624,11302,1219
2017,9051,11181,1047
2018,7773,10331,988
2019,7459,10877,1078
2020,4764,6752,483
2021,3705,6560,571
2022,4484,8386,924
